;;;;;;;;;;;;;;;;;;;;;;;;;;;;;;;;;;;;;;;;;;;;;;;;;;;;;;;;;;;;;;;;;;;;;;;;;;;;;;;;;;;;;;;;;;;;;;;;;;;;;;;;;;;;;;;;;;;;;;;;;;;;;;;;;;;;;;;;;;;;;;;;;;;;;;;;;;;;;;;;;;;;;;;;;;;;;
Índice;;;;;;;;;;;;;;;;;;;;;;;;;;;;;;;;;;;;;;;;;;;;;;;;;;;;;;;;;;;;;;;;;;;;;;;;;;;;;;;;;;;;;;;;;;;;;;;;;;;;;;;;;;;;;;;;;;;;;;;;;;;;;;;;;;;;;;;;;;;;;;;;;;;;;;;;;;;;;;;;;;;;;;;;;;;;;
;CUADRO N° 50;;;;;;;;;;;;;;;;;;;;;;;;;;;;;;;;;;;;;;;;;;;;;;;;;;;;;;;;;;;;;;;;;;;;;;;;;;;;;;;;;;;;;;;;;;;;;;;;;;;;;;;;;;;;;;;;;;;;;;;;;;;;;;;;;;;;;;;;;;;;;;;;;;;;;;;;;;;;;;;;;;;;;;;;;;;;
;CARACTERÍSTICAS OCUPACIONALES Y DEL EMPLEADOR - POR RAMA DE ACTIVIDAD ECONÓMICA CIIU 4 A NIVEL 1 (SECCIÓN), 2009 - 2023;;;;;;;;;;;;;;;;;;;;;;;;;;;;;;;;;;;;;;;;;;;;;;;;;;;;;;;;;;;;;;;;;;;;;;;;;;;;;;;;;;;;;;;;;;;;;;;;;;;;;;;;;;;;;;;;;;;;;;;;;;;;;;;;;;;;;;;;;;;;;;;;;;;;;;;;;;;;;;;;;;;;;;;;;;;;
;;;;;;;;;;;;;;;;;;;;;;;;;;;;;;;;;;;;;;;;;;;;;;;;;;;;;;;;;;;;;;;;;;;;;;;;;;;;;;;;;;;;;;;;;;;;;;;;;;;;;;;;;;;;;;;;;;;;;;;;;;;;;;;;;;;;;;;;;;;;;;;;;;;;;;;;;;;;;;;;;;;;;;;;;;;;;
;Desagregaciones (CIIU Rev. 4);Descripción;ene.-09;feb.-09;mar.-09;abr.-09;may.-09;jun.-09;jul.-09;ago.-09;sep.-09;oct.-09;nov.-09;dic.-09;ene.-10;feb.-10;mar.-10;abr.-10;may.-10;jun.-10;jul.-10;ago.-10;sep.-10;oct.-10;nov.-10;dic.-10;ene.-11;feb.-11;mar.-11;abr.-11;may.-11;jun.-11;jul.-11;ago.-11;sep.-11;oct.-11;nov.-11;dic.-11;ene.-12;feb.-12;mar.-12;abr.-12;may.-12;jun.-12;jul.-12;ago.-12;sep.-12;oct.-12;nov.-12;dic.-12;ene.-13;feb.-13;mar.-13;abr.-13;may.-13;jun.-13;jul.-13;ago.-13;sep.-13;oct.-13;nov.-13;dic.-13;ene.-14;feb.-14;mar.-14;abr.-14;may.-14;jun.-14;jul.-14;ago.-14;sep.-14;oct.-14;nov.-14;dic.-14;ene.-15;feb.-15;mar.-15;abr.-15;may.-15;jun.-15;jul.-15;ago.-15;sep.-15;oct.-15;nov.-15;dic.-15;ene.-16;feb.-16;mar.-16;abr.-16;may.-16;jun.-16;jul.-16;ago.-16;sep.-16;oct.-16;nov.-16;dic.-16;ene.-17;feb.-17;mar.-17;abr.-17;may.-17;jun.-17;jul.-17;ago.-17;sep.-17;oct.-17;nov.-17;dic.-17;ene.-18;feb.-18;mar.-18;abr.-18;may.-18;jun.-18;jul.-18;ago.-18;sep.-18;oct.-18;nov.-18;dic.-18;ene.-19;feb.-19;mar.-19;abr.-19;may.-19;jun.-19;jul.-19;ago.-19;sep.-19;oct.-19;nov.-19;dic.-19;ene.-20;feb.-20;mar.-20;abr.-20;may.-20;jun.-20;jul.-20;ago.-20;sep.-20;oct.-20;nov.-20;dic.-20;ene.-21;feb.-21;mar.-21;abr.-21;may.-21;jun.-21;jul.-21;ago.-21;sep.-21;oct.-21;nov.-21;dic.-21;ene.-22;feb.-22;mar.-22;abr.-22;may.-22;jun.-22;jul.-22;ago.-22;sep.-22;oct.-22;nov.-22;dic.-22;ene.-23;feb.-23;mar.-23
;A;Agricultura, ganadería,  silvicultura y pesca.;296;305;298;298;304;298;301;301;296;307;307;309;315;322;321;322;324;319;317;322;322;323;333;334;340;357;354;353;355;349;343;351;347;350;359;361;364;378;379;376;384;382;373;383;380;388;391;396;404;411;408;413;420;409;409;415;409;420;420;427;435;441;432;440;439;430;438;443;436;448;451;456;450;466;460;470;464;456;458;459;458;465;472;475;470;472;476;478;475;476;466;474;474;478;488;497;485;497;496;489;499;490;482;494;482;492;503;499;496;508;504;507;517;498;495;507;498;506;524;516;513;516;511;522;527;508;509;517;510;522;527;525;528;531;515;515;515;513;507;507;503;518;527;527;513;533;531;532;540;524;527;528;523;538;543;542;551;557;556;561;556;546;544;557;549;559;573;566;579;594;586
;B;Explotación de minas y canteras.;1.109;1.112;1.152;1.080;1.072;1.077;1.111;1.128;1.095;1.114;1.109;1.114;1.115;1.095;1.141;1.036;1.047;1.039;1.060;1.107;1.168;1.168;1.152;1.162;1.239;1.176;1.172;1.217;1.172;1.186;1.159;1.167;1.156;1.158;1.182;1.195;1.176;1.208;1.223;1.318;1.202;1.208;1.205;1.225;1.262;1.299;1.347;1.366;1.261;1.301;1.353;1.351;1.277;1.307;1.312;1.323;1.319;1.361;1.344;1.399;1.351;1.386;1.480;1.440;1.383;1.394;1.386;1.393;1.377;1.395;1.400;1.401;1.375;1.373;1.422;1.466;1.436;1.380;1.338;1.363;1.356;1.327;1.305;1.312;1.284;1.302;1.308;1.350;1.242;1.235;1.265;1.211;1.225;1.225;1.235;1.264;1.258;1.330;1.388;1.420;1.291;1.285;1.315;1.289;1.287;1.288;1.298;1.367;1.293;1.364;1.383;1.484;1.309;1.345;1.313;1.316;1.333;1.346;1.354;1.443;1.390;1.402;1.526;1.525;1.367;1.377;1.363;1.372;1.371;1.523;1.410;1.373;1.372;1.401;1.451;1.443;1.348;1.297;1.280;1.306;1.277;1.253;1.266;1.374;1.260;1.255;1.454;1.360;1.254;1.321;1.278;1.273;1.259;1.274;1.282;1.409;1.348;1.317;1.622;1.347;1.341;1.319;1.329;1.347;1.360;1.344;1.377;1.460;1.352;1.386;1.654
;C;Industrias manufactureras.;453;455;460;470;463;463;476;468;466;475;476;488;488;492;494;510;498;499;507;502;508;508;513;535;528;539;536;553;536;541;544;547;541;548;548;567;557;564;565;582;576;570;577;580;576;586;588;610;593;599;598;620;611;606;613;612;607;618;617;632;625;633;630;654;639;636;645;651;643;655;657;671;653;664;666;683;670;668;668;676;670;682;684;694;666;683;687;691;679;683;690;699;690;700;709;732;696;712;729;719;711;709;710;717;712;719;727;749;716;732;735;738;729;727;726;733;728;733;742;756;732;737;744;740;739;733;730;740;730;733;748;763;740;754;733;694;694;716;728;734;731;743;759;777;754;765;786;774;759;759;772;776;769;781;790;809;772;803;804;829;795;791;787;802;800;802;816;827;817;840;847
;D;Suministro de electricidad, gas, vapor y aire acondicionado.;841;885;919;911;1.049;1.015;1.000;1.025;1.052;1.035;1.052;1.059;1.066;1.072;1.050;1.074;1.068;1.090;1.124;1.143;1.129;1.120;1.211;1.150;1.288;1.161;1.155;1.141;1.158;1.146;1.138;1.163;1.168;1.211;1.174;1.180;1.197;1.189;1.176;1.225;1.225;1.204;1.213;1.203;1.213;1.344;1.241;1.446;1.292;1.249;1.247;1.269;1.262;1.245;1.256;1.322;1.327;1.278;1.318;1.449;1.336;1.325;1.329;1.313;1.309;1.438;1.346;1.396;1.330;1.327;1.340;1.354;1.306;1.322;1.360;1.310;1.357;1.343;1.294;1.386;1.332;1.288;1.308;1.328;1.299;1.299;1.287;1.299;1.334;1.304;1.311;1.316;1.301;1.300;1.331;1.329;1.357;1.364;1.362;1.343;1.350;1.389;1.346;1.366;1.351;1.350;1.535;1.374;1.408;1.377;1.385;1.390;1.386;1.403;1.386;1.386;1.382;1.380;1.379;1.395;1.409;1.361;1.347;1.374;1.355;1.378;1.379;1.360;1.362;1.360;1.367;1.518;1.391;1.389;1.406;1.492;1.369;1.387;1.358;1.361;1.401;1.383;1.402;1.402;1.412;1.432;1.431;1.424;1.409;1.405;1.551;2.047;2.001;1.837;1.631;1.641;1.616;1.434;1.452;1.488;1.540;1.621;1.705;1.700;1.480;1.450;1.487;1.518;1.466;1.534;1.485
;E;"Distribución de agua; alcantarillado, gestión de desechos y actividades de saneamiento.";657;654;646;650;655;658;669;672;692;669;673;672;714;738;724;757;737;745;712;724;708;658;718;726;681;691;706;690;692;688;678;681;696;678;689;685;691;692;685;701;691;690;690;692;683;691;698;740;749;760;710;717;715;706;705;714;731;707;718;764;730;764;724;740;739;735;737;761;752;756;760;767;752;763;759;770;773;771;765;778;775;786;779;831;781;779;775;786;785;796;776;790;780;774;793;786;790;787;791;801;795;796;790;796;793;794;803;810;806;805;807;816;817;811;805;809;801;805;811;811;832;847;801;828;803;797;795;813;812;810;810;820;822;808;841;800;786;781;782;790;803;805;814;783;784;790;796;828;796;795;788;796;793;792;808;818;810;798;839;800;842;831;811;842;820;815;831;834;841;829;850
;F;Construcción.;392;399;400;406;412;407;410;415;409;416;421;418;423;420;423;419;420;431;428;426;422;434;428;457;433;439;439;438;438;441;435;440;435;441;463;508;453;467;472;476;486;482;484;485;483;496;507;533;519;520;535;534;553;551;552;563;558;566;577;640;591;593;582;596;601;593;606;609;606;623;621;638;631;619;611;623;634;613;611;616;610;609;601;607;605;600;588;598;593;590;594;591;584;594;596;607;594;606;598;600;610;611;620;624;625;623;635;649;633;634;633;631;635;639;640;646;641;648;648;659;637;633;633;640;636;637;638;642;629;634;642;648;634;637;615;611;612;603;604;610;617;620;631;641;617;627;617;617;619;615;618;620;619;619;629;634;624;636;634;638;632;629;622;627;632;632;630;650;642;654;650
;G;"Comercio al por mayor y al por menor; reparación de vehículos automotores y motocicletas.";443;433;439;441;438;438;439;439;434;438;440;468;464;453;465;472;463;466;463;461;461;462;462;499;490;480;487;491;487;488;487;485;486;489;487;535;506;500;509;515;513;510;510;511;507;510;512;558;538;531;536;548;547;544;545;545;543;549;549;597;573;571;572;585;581;580;583;580;583;587;593;643;607;597;606;619;608;608;607;608;605;610;609;647;614;611;617;623;616;616;612;616;614;616;622;665;631;628;638;644;635;637;638;639;635;640;645;697;653;652;654;662;655;656;653;653;651;654;658;704;666;657;669;667;666;663;660;663;662;658;664;712;671;666;654;610;603;627;638;642;645;654;663;697;664;662;665;671;658;666;669;669;667;674;676;722;691;691;702;704;699;689;689;697;694;698;703;741;719;720;728
;H;Transporte y almacenamiento.;470;471;480;502;478;472;475;476;472;474;475;495;488;493;503;502;488;484;485;486;484;486;488;508;490;491;513;519;502;503;492;493;496;499;496;509;509;508;513;536;508;507;508;515;512;510;514;525;532;526;542;541;530;529;528;532;530;532;533;538;548;547;561;555;549;546;549;552;551;555;556;567;567;565;566;576;566;568;566;571;571;570;585;588;579;582;590;588;579;580;577;583;580;580;587;608;590;590;595;606;593;590;592;595;594;594;600;610;601;609;604;621;607;606;606;610;609;609;615;624;618;623;624;633;618;617;617;625;619;617;626;632;622;633;626;606;594;601;595;595;596;601;609;616;610;618;608;620;609;607;610;615;616;615;624;638;639;648;661;669;652;648;653;656;654;655;664;673;683;687;707
;I;Actividades de alojamiento y de servicio de comidas.;295;292;293;299;300;295;295;297;293;295;297;300;313;311;310;313;314;310;310;312;308;310;314;315;335;331;334;334;339;335;334;338;333;335;338;341;351;351;353;354;358;356;356;359;355;358;361;369;383;381;382;387;389;387;386;391;387;390;391;397;411;408;408;412;416;412;411;413;410;413;416;419;430;426;425;431;433;428;428;433;428;432;436;437;441;437;436;440;438;438;439;442;437;442;447;450;450;449;453;453;452;450;449;453;450;453;458;466;464;466;463;467;466;464;464;468;466;467;474;481;480;470;479;474;477;474;472;477;471;470;478;482;481;479;455;417;420;436;441;434;440;448;460;461;461;461;461;461;462;464;465;470;468;475;481;486;495;493;501;503;506;497;496;505;498;502;509;513;530;529;528
;J;Información y comunicación.;763;777;749;774;750;750;747;758;747;751;757;777;761;769;764;783;767;766;764;765;773;762;768;796;783;785;785;799;775;780;769;973;786;784;796;804;788;791;811;810;814;807;809;822;816;824;826;843;841;845;850;866;848;851;872;861;863;864;870;891;881;875;901;908;893;897;901;908;902;910;916;935;932;928;947;961;939;946;980;950;967;952;970;1.027;971;976;1.003;984;1.030;980;983;984;986;1.014;1.015;1.016;984;987;1.021;1.003;992;1.003;983;981;985;982;993;1.010;1.001;998;1.054;1.030;1.018;1.044;1.004;1.020;1.021;1.001;1.003;1.042;1.013;1.010;1.057;1.054;1.040;1.017;1.015;1.017;1.025;1.008;1.016;1.045;1.013;1.032;1.042;999;970;985;983;978;981;989;992;1.019;1.009;1.004;1.057;1.028;1.020;1.034;1.015;1.008;1.021;1.012;1.021;1.052;1.035;1.034;1.107;1.063;1.030;1.038;1.031;1.049;1.065;1.046;1.041;1.075;1.055;1.065;1.124
;K;Actividades financieras y de seguros.;720;687;720;765;717;722;754;731;724;746;743;808;788;763;798;829;785;778;828;812;792;815;804;916;856;825;870;849;866;844;927;857;853;877;865;981;910;876;930;917;889;894;962;898;898;912;904;1.038;951;924;957;996;970;969;1.040;986;980;1.004;995;1.131;1.068;1.021;1.007;1.042;1.025;1.024;1.110;1.035;1.035;1.066;1.057;1.192;1.091;1.064;1.089;1.101;1.075;1.065;1.136;1.074;1.067;1.098;1.083;1.215;1.124;1.067;1.078;1.102;1.062;1.075;1.149;1.090;1.089;1.121;1.095;1.264;1.133;1.112;1.103;1.136;1.094;1.104;1.186;1.115;1.113;1.145;1.135;1.324;1.154;1.110;1.130;1.172;1.121;1.125;1.191;1.125;1.130;1.162;1.146;1.367;1.166;1.141;1.176;1.165;1.184;1.147;1.209;1.171;1.154;1.171;1.160;1.363;1.202;1.171;1.172;1.154;1.113;1.129;1.151;1.149;1.218;1.175;1.183;1.297;1.190;1.184;1.201;1.202;1.191;1.197;1.201;1.202;1.200;1.228;1.257;1.379;1.241;1.229;1.248;1.310;1.249;1.248;1.259;1.257;1.253;1.269;1.268;1.442;1.346;1.258;1.313
;L;Actividades inmobiliarias.;333;340;340;342;342;346;345;344;344;351;349;363;365;363;365;368;366;369;369;371;368;370;371;392;386;392;395;396;402;405;405;404;406;410;412;421;421;429;429;436;439;439;443;446;449;451;453;455;473;471;475;479;483;486;481;481;480;487;488;491;499;500;500;504;509;507;508;506;508;513;515;531;514;515;516;521;518;519;523;525;527;527;530;535;530;527;530;528;529;530;532;532;527;530;535;543;538;541;544;544;544;546;545;549;545;549;552;565;554;558;557;560;560;558;556;560;559;560;563;572;562;565;564;561;561;560;562;563;562;563;567;569;562;561;556;539;535;540;543;543;544;547;551;558;558;564;560;561;558;556;563;562;563;566;573;573;580;592;586;590;593;591;588;593;589;592;595;600;608;615;609
;M;Actividades profesionales, científicas y técnicas.;428;425;433;438;439;439;443;444;446;450;453;466;470;468;473;474;471;472;477;475;471;476;475;487;490;493;500;501;510;501;500;498;498;504;502;516;515;520;523;528;543;533;534;536;544;550;550;571;568;575;575;580;599;585;583;583;585;592;594;613;600;607;612;620;640;629;628;629;634;645;646;662;639;640;647;648;656;640;648;647;650;647;647;664;640;647;653;645;643;636;637;633;631;634;634;652;626;633;638;637;630;630;632;631;627;629;632;650;634;640;647;644;642;640;640;639;638;639;640;660;641;646;648;652;648;645;649;650;649;653;653;679;653;657;656;637;633;630;631;625;625;633;637;655;635;641;651;647;643;640;646;645;644;641;645;668;649;658;672;664;660;662;664;663;664;662;671;685;683;688;704
;N;Actividades de servicios administrativos y de apoyo.;339;339;338;344;342;342;342;342;338;341;343;351;356;357;355;362;362;362;363;364;364;364;366;372;392;398;397;399;399;402;402;404;401;403;407;411;422;423;423;426;430;429;429;431;429;430;435;444;465;467;469;473;476;477;478;479;478;480;483;488;493;496;487;494;493;493;495;494;497;496;498;503;508;509;509;514;512;511;509;514;511;512;516;517;515;515;516;519;521;519;519;521;521;520;528;532;530;528;522;528;524;522;526;526;526;521;525;529;528;535;531;540;535;533;535;532;534;532;536;539;541;545;547;545;546;545;540;545;542;539;543;547;540;546;532;509;508;514;513;519;520;522;524;530;521;526;526;528;524;526;528;530;532;536;539;543;552;558;567;562;562;560;561;567;564;561;565;567;579;587;585
;O;"Administración pública y defensa; planes de seguridad social de afiliación obligatoria.";598;606;610;611;612;617;624;623;617;617;619;619;710;715;730;730;720;719;720;721;720;716;719;722;736;739;742;874;874;882;878;911;881;883;878;877;906;905;902;901;906;907;916;926;943;943;936;940;947;937;936;941;939;935;939;942;944;943;946;945;949;950;952;954;962;951;950;948;942;938;946;955;959;960;955;955;957;960;957;958;961;963;967;968;971;973;970;969;967;963;964;965;965;963;963;965;967;978;980;980;974;975;974;976;974;973;976;977;978;980;981;978;974;972;971;973;972;974;974;974;974;975;968;977;957;974;977;979;977;978;977;978;976;976;976;978;978;976;975;974;973;975;977;976;974;980;980;979;974;973;974;977;977;976;978;981;979;981;978;979;980;981;982;981;980;988;1.035;1.034;1.032;1.030;1.034
;P;Enseñanza.;486;498;499;496;493;491;500;499;493;495;493;495;541;543;541;544;544;540;547;545;543;549;550;552;565;565;569;710;712;712;715;722;714;718;717;720;738;746;748;746;747;744;752;766;766;770;773;775;778;786;793;792;789;787;788;787;791;797;792;791;799;802;814;830;832;843;840;853;864;880;889;896;899;905;917;928;930;933;940;936;943;959;960;966;963;969;976;982;990;984;986;988;975;986;1.013;1.006;996;1.001;1.015;1.020;1.017;1.015;1.020;1.017;1.001;1.023;1.012;1.021;1.020;1.019;1.031;1.026;1.026;1.026;1.049;1.027;1.020;1.050;1.037;1.046;1.035;1.037;1.049;1.038;1.051;1.042;1.045;1.032;1.024;1.035;1.044;1.052;1.041;1.044;1.044;1.036;1.056;1.060;1.072;1.072;1.063;1.063;1.079;1.082;1.065;1.069;1.073;1.074;1.074;1.089;1.092;1.081;1.076;1.077;1.084;1.101;1.080;1.085;1.088;1.084;1.071;1.080;1.087;1.072;1.065;1.087;1.074;1.090;1.083;1.085;1.095
;Q;Actividades de atención de la salud humana y de asistencia social.;529;531;536;538;541;542;542;544;549;553;557;582;602;611;613;616;617;618;620;622;619;619;620;633;637;646;647;654;657;660;662;678;674;704;703;707;698;718;727;732;737;738;763;759;766;763;774;777;777;770;778;771;776;772;776;776;783;779;785;798;812;811;817;812;821;816;826;825;839;832;841;844;839;852;863;862;884;866;873;908;897;905;907;910;941;945;948;951;952;954;954;959;960;958;970;969;964;965;970;973;972;979;979;985;981;982;987;991;990;995;996;1.000;1.000;1.001;1.000;1.003;1.007;1.007;1.019;1.026;1.021;1.014;1.010;1.026;1.019;1.015;1.012;1.013;1.010;1.012;1.015;1.018;1.014;1.012;1.004;988;1.003;1.018;1.022;1.022;1.016;1.023;1.031;1.027;1.023;1.029;1.030;1.025;1.025;1.024;1.020;1.024;1.021;1.019;1.024;1.039;1.027;1.028;1.026;1.026;1.023;1.024;1.017;1.027;1.023;1.053;1.034;1.035;1.042;1.039;1.045
;R;Artes, entretenimiento y recreación.;420;423;425;427;435;433;429;433;436;439;441;435;462;467;467;472;476;470;466;467;463;459;469;464;478;488;487;483;490;496;488;489;487;502;502;507;510;520;513;530;534;541;540;540;545;544;545;561;560;564;564;566;571;569;569;572;569;569;574;572;579;583;584;586;588;583;587;589;586;590;590;596;600;606;599;594;577;587;595;600;606;609;610;611;607;613;606;591;574;586;591;603;601;608;614;613;602;612;597;586;585;590;600;608;608;614;614;625;622;630;615;613;616;616;611;619;618;628;631;643;633;641;642;631;631;632;628;636;630;636;638;638;650;648;639;630;636;654;655;631;630;633;654;667;661;659;662;659;632;629;627;628;645;657;672;686;673;674;677;660;650;644;637;647;651;669;688;691;684;690;683
;S;Otras actividades de servicios.;365;373;368;371;371;372;373;374;368;373;374;378;385;389;397;394;396;393;393;391;392;389;394;397;409;411;411;412;415;415;414;411;410;411;410;420;425;430;430;431;430;430;427;431;430;428;434;442;454;456;455;460;457;458;456;462;460;460;466;468;473;476;477;478;479;482;480;485;484;485;494;499;497;497;497;504;499;500;502;502;502;501;507;518;510;511;511;517;512;516;515;516;514;514;520;525;520;523;522;526;522;524;523;521;523;523;524;525;524;530;531;532;531;533;531;531;529;529;532;536;537;538;537;540;541;537;538;542;540;541;542;546;542;545;535;524;523;530;530;531;532;534;539;542;537;540;542;544;544;544;544;546;545;548;551;560;563;572;568;567;566;567;568;567;566;566;571;578;586;587;588
;T;"Actividades de los hogares como empleadores; actividades no diferenciadas de los hogares como productores de bienes y servicios para uso propio.";;;;;;;;;;;;;;;;;;;;;;;;;;;;;;;;;;;;;;;;;;;;;;;;;;;;;;;;;;;;;;;;;;;;;;;;;;;;;;;;;;;;;;;;;;;;;;;;;;;;;;;;;;;;;;;;;;;;;;;;;;;;;;;;;;;;;;;;;;;;;;;;;;;;;;;;;;;;;;;;;;;;;;;;;;;
;U;Actividades de organizaciones y órganos extraterritoriales.;1.077;1.089;1.140;1.089;1.123;1.223;1.178;1.215;1.193;1.196;1.233;1.181;1.191;1.214;1.262;1.211;1.207;1.247;1.329;1.261;1.215;1.218;1.225;1.231;1.238;1.233;1.301;1.236;1.255;1.292;1.262;1.229;1.217;1.239;1.251;1.230;1.222;1.186;1.252;1.231;1.249;1.209;1.194;1.211;1.182;1.189;1.203;1.207;1.055;1.064;1.141;1.065;1.074;1.060;1.097;1.095;1.086;1.093;1.107;1.089;1.297;1.268;1.362;1.332;1.304;1.319;1.334;1.301;1.280;1.315;1.349;1.370;1.351;1.373;1.464;1.435;1.416;1.393;1.422;1.397;1.393;1.396;1.402;1.404;1.425;1.522;1.490;1.446;1.440;1.426;1.532;1.448;1.451;1.463;1.470;1.513;1.495;1.512;1.542;1.532;1.545;1.534;1.635;1.541;1.533;1.531;1.529;1.537;1.556;1.580;1.623;1.595;1.576;1.565;1.659;1.569;1.561;1.564;1.589;1.582;1.598;1.585;1.611;1.590;1.546;1.561;1.687;1.606;1.574;1.553;1.567;1.555;1.600;1.585;1.601;1.597;1.601;1.584;1.705;1.591;1.607;1.633;1.672;1.669;1.718;1.681;1.668;1.706;1.692;1.698;1.764;1.723;1.687;1.671;1.684;1.694;1.757;1.746;1.764;1.738;1.728;1.720;1.850;1.832;1.775;1.801;1.795;1.811;1.848;1.839;1.988
;Z0_No clasificado_CIIU;;277;276;268;268;265;265;273;265;270;270;270;286;299;299;327;346;359;359;359;374;374;374;374;393;409;389;487;491;491;389;417;422;426;451;396;342;292;291;270;292;290;292;276;277;295;305;373;306;362;362;362;382;402;418;400;433;377;340;394;394;314;355;359;318;343;343;343;343;343;243;285;257;334;354;354;291;380;392;387;392;392;363;362;362;341;341;341;341;341;300;324;365;365;367;378;381;393;425;425;364;397;360;395;395;377;418;409;409;375;504;446;391;388;116;180;193;193;202;375;375;866;760;934;841;850;850;898;901;888;816;872;888;867;900;811;811;810;823;828;853;803;846;826;851;249;249;249;249;249;249;249;249;236;234;249;300;319;319;319;319;319;319;319;319;319;319;319;319;566;609;561
;Z1_Doméstico;;203;203;204;204;204;204;204;204;204;205;205;206;239;240;239;239;238;236;236;235;234;234;234;234;254;255;253;253;252;251;251;249;249;248;249;249;270;271;270;270;269;269;269;269;269;269;269;269;290;290;290;289;289;290;289;289;289;289;289;289;305;306;306;305;305;305;304;304;303;303;303;303;313;314;314;314;314;314;313;314;313;313;313;314;322;322;322;325;321;321;321;321;321;321;321;321;327;328;327;327;327;327;327;327;327;327;327;328;334;335;335;335;335;335;336;335;335;336;336;336;341;341;342;341;341;341;341;341;341;341;341;342;345;345;344;341;338;339;341;342;343;344;345;346;345;345;345;345;345;345;345;346;346;346;346;346;364;365;365;365;365;365;365;366;366;366;367;367;385;386;386
;Z2_Campesino;;;;;;;;;;;;;;;;;;;;;;;;;;;;;;;;;;;;;;;;;;;;;;;;;;;;;;;;;;;;;;;;;;;;;;;;;;;;;;;;;;;;;;;;;;;;;;;;;;;;;;;;;;;;;;;;;;;;;;;;;;;;;;;;;;;;;;;;;;;;;;;;;;;;;;;;;;;;;;;;;;;;;;;;;;;;
;Z3_Semicontribuyente;;;;;;;;;;;;;;;;;;;;;;;;;;;;;;;;;;;;;;;;;;;;;;;;;;;;;;;;;;;;;;;;;;;;;;;;;;;;;;;;;;;;;;;;;;;;;;;;;;;;;;;;;;;;;;;;;;;;;;;;;;;;;;;;;;;;;;;;;;;;;;;;;;;;;;;;;;;;;;;;;;;;;;;;;;;;
;Z4_Voluntario;;;;;;;;;;;;;;;;;;;;;;;;;;;;;;;;;;;;;;;;;;;;;;;;;;;;;;;;;;;;;;;;;;;;;;;;;;;;;;;;;;;;;;;;;;;;;;;;;;;;;;;;;;;;;;;;;;;;;;;;;;;;;;;;;;;;;;;;;;;;;;;;;;;;;;;;;;;;;;;;;;;;;;;;;;;;
;Total sueldo corriente medio;;468;470;474;479;476;476;481;479;475;479;481;493;511;513;519;523;516;515;517;516;515;516;519;535;536;537;541;574;569;568;567;575;565;570;570;589;583;586;591;597;595;593;597;600;601;606;608;630;624;625;628;636;635;631;634;635;633;639;639;661;653;655;657;667;666;664;669;669;668;674;679;697;684;686;689;697;694;690;692;695;693;697;700;715;700;702;706;709;705;704;706;707;704;709;715;733;714;720;726;727;721;722;724;725;721;726;731;751;732;737;739;744;738;737;738;738;736;740;744;764;745;745;750;752;747;744;745;747;743;747;750;770;750;753;745;728;726;737;741;743;744;748;756;771;751;757;763;762;755;756;759;764;761;764;768;789;772;777;786;788;779;777;777;783;779;784;796;813;806;811;820
;;;;;;;;;;;;;;;;;;;;;;;;;;;;;;;;;;;;;;;;;;;;;;;;;;;;;;;;;;;;;;;;;;;;;;;;;;;;;;;;;;;;;;;;;;;;;;;;;;;;;;;;;;;;;;;;;;;;;;;;;;;;;;;;;;;;;;;;;;;;;;;;;;;;;;;;;;;;;;;;;;;;;;;;;;;;;
;Fuente: Registro Estadístico de Empleo en la Seguridad Social (REESS) - Instituto Nacional de Estadística y Censos (INEC);;;;;;;;;;;;;;;;;;;;;;;;;;;;;;;;;;;;;;;;;;;;;;;;;;;;;;;;;;;;;;;;;;;;;;;;;;;;;;;;;;;;;;;;;;;;;;;;;;;;;;;;;;;;;;;;;;;;;;;;;;;;;;;;;;;;;;;;;;;;;;;;;;;;;;;;;;;;;;;;;;;;;;;;;;;;
;Notas:;;;;;;;;;;;;;;;;;;;;;;;;;;;;;;;;;;;;;;;;;;;;;;;;;;;;;;;;;;;;;;;;;;;;;;;;;;;;;;;;;;;;;;;;;;;;;;;;;;;;;;;;;;;;;;;;;;;;;;;;;;;;;;;;;;;;;;;;;;;;;;;;;;;;;;;;;;;;;;;;;;;;;;;;;;;;
;(1)  Los datos presentados en estos tabulados están sujetos a variación, ya que la base de datos del IESS y de otros registros administrativos, son transaccionales, es decir existen cambios o reprocesamientos en la información histórica.;;;;;;;;;;;;;;;;;;;;;;;;;;;;;;;;;;;;;;;;;;;;;;;;;;;;;;;;;;;;;;;;;;;;;;;;;;;;;;;;;;;;;;;;;;;;;;;;;;;;;;;;;;;;;;;;;;;;;;;;;;;;;;;;;;;;;;;;;;;;;;;;;;;;;;;;;;;;;;;;;;;;;;;;;;;;
;(2) Para el  Seguro Social Campesino (SSC) se presenta la información referente al jefe de hogar. Se solicita tener precaución con los datos anteriores a 2011 ya que existió un cambio de sistema del registro de la información, que puede afectar la comparabilidad de la serie.;;;;;;;;;;;;;;;;;;;;;;;;;;;;;;;;;;;;;;;;;;;;;;;;;;;;;;;;;;;;;;;;;;;;;;;;;;;;;;;;;;;;;;;;;;;;;;;;;;;;;;;;;;;;;;;;;;;;;;;;;;;;;;;;;;;;;;;;;;;;;;;;;;;;;;;;;;;;;;;;;;;;;;;;;;;;
;(3) La información sobre afiliaciones presentada en este cuadro, puede ser diferente a la que emite el Instituto Ecuatoriano de Seguridad Social (IESS). Esto se debe las distintas fechas de corte de la base de datos  y a las depuraciones que realiza el INEC con otros registros administrativos (SRI, REEM y Registro Civil).;;;;;;;;;;;;;;;;;;;;;;;;;;;;;;;;;;;;;;;;;;;;;;;;;;;;;;;;;;;;;;;;;;;;;;;;;;;;;;;;;;;;;;;;;;;;;;;;;;;;;;;;;;;;;;;;;;;;;;;;;;;;;;;;;;;;;;;;;;;;;;;;;;;;;;;;;;;;;;;;;;;;;;;;;;;;
;(4) La ubicación geográfica corresponde al domicilio fiscal registrado por la empresa (matriz) o trabajador independiente en el Servicio de Rentas Internas-SRI, no necesariamente donde se realiza la actividad económica.;;;;;;;;;;;;;;;;;;;;;;;;;;;;;;;;;;;;;;;;;;;;;;;;;;;;;;;;;;;;;;;;;;;;;;;;;;;;;;;;;;;;;;;;;;;;;;;;;;;;;;;;;;;;;;;;;;;;;;;;;;;;;;;;;;;;;;;;;;;;;;;;;;;;;;;;;;;;;;;;;;;;;;;;;;;;
;(5) El empleo no clasificado CIIU incrementa en las desagregaciones a 2, 3 y 4 dígitos debido a que incluye los RUC sin información en el nivel de desagregación correspondiente (adicional a los no clasificados en CIIU a 1 dígito);;;;;;;;;;;;;;;;;;;;;;;;;;;;;;;;;;;;;;;;;;;;;;;;;;;;;;;;;;;;;;;;;;;;;;;;;;;;;;;;;;;;;;;;;;;;;;;;;;;;;;;;;;;;;;;;;;;;;;;;;;;;;;;;;;;;;;;;;;;;;;;;;;;;;;;;;;;;;;;;;;;;;;;;;;;;
;"(6) El REESS publica las bases de datos de forma provisional, semidefinitiva y definitiva en base a procesos de validación internos. Para el presente periodo se debe considerar que la base del año 2021 se conserva como semi – definitiva debido a que se mantiene la subcobertura del Registro Estadístico de Empresas (REEM) en el número de empresas y ventas totales. 
";;;;;;;;;;;;;;;;;;;;;;;;;;;;;;;;;;;;;;;;;;;;;;;;;;;;;;;;;;;;;;;;;;;;;;;;;;;;;;;;;;;;;;;;;;;;;;;;;;;;;;;;;;;;;;;;;;;;;;;;;;;;;;;;;;;;;;;;;;;;;;;;;;;;;;;;;;;;;;;;;;;;;;;;;;;;
